-0.5351328816880709,0.367150542338436,-1.0
-0.23448867230916903,0.3020031990423604,-1.0
-0.6395386731164763,0.24405219397158362,1.0
-0.6230512058809836,0.0724124239604862,1.0
-0.7197710019192982,0.08981580379304432,1.0
-0.6047618225311453,0.03925226015417138,1.0
-0.6759191704995828,0.13487434478702198,1.0
-0.3818278424150776,0.3848685829434544,-1.0
-0.7980493499926524,0.173447562410729,1.0
-0.5071554691648998,0.15015172875973803,1.0
-0.5719223273754324,0.44612872292418615,-1.0
-0.7641935917490628,0.02082401275401935,1.0
-0.8022709031356499,0.03444337553810328,1.0
-0.7821720451465808,0.012252468266524374,1.0
-0.7010050233484435,0.3965405416147405,-1.0
-0.6062484485955792,0.07610955006384756,1.0
-0.7398452229317627,0.05330522971053142,1.0
-0.5559164917212911,0.24045659945113584,-1.0
-0.7785395533865085,0.04477170322206803,1.0
-0.699424472895771,0.2746090050859493,-1.0
-0.7015650466182706,0.09093864227543236,1.0
-0.683348204169306,0.33438187671708874,-1.0
-0.6765985148376785,0.13095351614174433,1.0
-0.7800505054037785,0.04615536688652355,1.0
-0.5977517426399572,0.09230408112489386,1.0
-0.7993094354169443,0.023091513197869062,1.0
-0.6971263641753467,0.03736860150820576,1.0
-0.2789463052113206,0.42612824951174844,-1.0
-0.6366355415611906,0.13111679317444214,1.0
-0.6936760655225953,0.038220368209294975,1.0
-0.7416993116821686,0.01441704801254673,1.0
-0.5277805042860564,0.37884458250482567,-1.0
-0.555150316142317,0.3727534294266661,-1.0
-0.576472839188682,0.11229941998499271,1.0
-0.7046965010868007,0.06771798371119075,1.0
-0.546049950793531,0.08947929795976961,1.0
-0.40616374515593634,0.4155232559060096,-1.0
-0.7624782729253639,0.03154118708334863,1.0
-0.4015860310055359,0.5443370081575267,-1.0
-0.7277862033515703,0.050558836141135544,1.0
-0.4703582831134554,0.24473570130066946,1.0
-0.6816822645287175,0.3338732860684104,-1.0
-0.7504876119637629,0.10418621796998195,1.0
-0.8109068275152822,0.03422155314183328,1.0
-0.8021497687959709,0.03508123137180519,1.0
-0.6337569311945117,0.2875861506763613,1.0
-0.7800188000519483,0.1274034571051743,1.0
-0.7322657547865674,0.07968140374214272,1.0
-0.7299131499821669,0.05073842887941282,1.0
-0.6353760437777964,0.03944885081727989,1.0
-0.7274477640185069,0.037543612266745185,1.0
-0.6117231759271817,0.2747551240900066,1.0
-0.47405486318530166,0.29151678460038966,-1.0
-0.5114558926852624,0.34050038148780004,-1.0
-0.42545478116790036,0.4288024531178962,-1.0
-0.6861145897892129,0.056813173498085234,1.0
-0.6418218004182563,0.259605380895664,1.0
-0.7707417259007343,0.07623626150598284,1.0
-0.667892013079836,0.08761267203954048,1.0
-0.5112058211561816,0.3177065040435991,1.0
-0.47148235741860844,0.40046957211779954,-1.0
-0.7701233032857999,0.051416133530437946,1.0
-0.6848543967971636,0.05047564460983267,1.0
-0.819595932170273,0.1522765274842186,1.0
-0.2693602474637373,0.48901127013050427,-1.0
-0.8042069505499967,0.04566524460824439,1.0
-0.848224019623558,0.03804278282223095,1.0
-0.7204742381290998,0.06314682349329814,1.0
-0.6227977845037458,0.10632160281056713,1.0
-0.46481979688724095,0.6800278046466701,1.0
-0.6644775636123086,0.10996135824098019,1.0
-0.750752191988795,0.11797793132063816,1.0
-0.5005084012345833,0.12193864925393427,-1.0
-0.5936007938480543,0.45450646606877854,-1.0
-0.2991901522018452,0.5431753399934678,-1.0
-0.47945662818165147,0.41706489955686266,-1.0
-0.7639169462663631,0.020776789087904035,1.0
-0.7971939955823473,0.048414575183414854,1.0
-0.5904846018706849,0.10199473433840467,1.0
-0.7548593144383631,0.2284760432812618,1.0
-0.784318898600759,0.023274447943549603,1.0
-0.6473162291786139,0.08248904614811181,1.0
-0.7779044666094705,0.037564335856586695,1.0
-0.8071549471314938,0.052458312500675675,1.0
-0.7014428722250159,0.24448412780475337,-1.0
-0.49547789095413464,0.17411493588951998,1.0
-0.6711468407011125,0.09605872299289331,1.0
-0.30038288140349323,0.647945466596866,-1.0
-0.6608876463978959,0.013171701350074727,1.0
-0.45960983580880566,0.41984628843783867,-1.0
-0.8643074980018355,0.016201397162149078,-1.0
-0.7207573172454431,0.04457391829782864,1.0
-0.736578931711847,0.08542286272859201,1.0
-0.6845542399969418,0.2914597167400643,-1.0
-0.7132279730285518,0.07923525001388043,1.0
-0.7954848683584714,0.015514910133788362,1.0
-0.7060265934305789,0.02168608313513687,1.0
-0.2693554265460989,0.4471532277602819,-1.0
-0.7884534462400552,0.10381100577978941,1.0
-0.5100628355139634,0.10055622231448069,1.0
-0.4420437596845659,0.5565308690293023,-1.0
-0.7000936381518841,0.044343966699671,1.0
-0.663716190447758,0.08780791742083238,1.0
-0.5899127249249432,0.35370911121572135,-1.0
-0.4173032179983238,0.5064520980477027,-1.0
-0.3228048334513005,0.3975100981151627,-1.0
-0.26567745119700703,0.5805521903548652,-1.0
-0.6957129197908216,0.1005084201315185,1.0
-0.7334855546932886,0.0918386901885242,1.0
-0.6416934019598557,0.06861582821511547,1.0
-0.0012539759936771588,0.37485670065143495,-1.0
-0.6510195124174061,0.050596968350873794,1.0
-0.4902879232320174,0.38370235310821954,-1.0
-0.7175546430516988,0.08094313624314964,1.0
-0.6654634023507242,0.11155314130883198,1.0
-0.6998493457372206,0.062281109593641304,1.0
-0.8253811051108642,0.04202370627899654,1.0
-0.375724216521121,0.3996668823128857,-1.0
-0.8003455920600118,0.0617898225996214,1.0
-0.7464691494133149,0.11948419029795332,1.0
-0.8135294373423676,0.042845832751481794,1.0
-0.7893596606081701,0.1340426011447562,1.0
-0.6724153705727076,0.17627990726032294,1.0
-0.7818382374534849,0.12991767821949907,1.0
-0.7721095600136323,0.048815417307196185,1.0
-0.43802431470976444,0.5206492578872712,-1.0
-0.7119407163600044,0.09238416854896059,1.0
-0.6300778778459062,0.10695643107465003,1.0
-0.8245744732644198,0.0159896210725492,1.0
-0.569908294403831,0.17672498841602646,1.0
-0.7723721136717359,0.10442290231003426,1.0
-0.46399726164963795,0.35374045329808723,-1.0
-0.8510514210420297,0.060139902592709404,1.0
-0.7536966665575164,0.05497059704794083,1.0
-0.7718308741459623,0.0494899470359087,1.0
-0.6358555745209742,0.017536172141262796,1.0
-0.8826192938377062,0.07268752071468043,1.0
-0.46261085279093095,0.37039541068406834,-1.0
-0.4434331730330996,0.31731536816278094,-1.0
-0.7255918731098063,0.04286896635312587,1.0
-0.7463836349343183,0.10364207808743231,1.0
-0.700737617010418,0.20472408026944322,-1.0
-0.5518966226372868,0.07167543804825982,1.0
-0.7993980991232092,0.15312561516475398,1.0
-0.642181157957566,0.23978286057717924,-1.0
-0.6454987286651885,0.32721323358782683,-1.0
-0.5641268014342131,0.42156222915764374,-1.0
-0.6489875732576138,0.055942605586324134,1.0
-0.8081052814222858,0.058639618420784245,1.0
-0.6734898044524016,0.055986011488130316,1.0
-0.38739470657674246,0.3264640079178207,-1.0
-0.698589754429122,0.08542238264635671,1.0
-0.2114583486072661,0.46609547593834577,-1.0
-0.6594866704253945,0.06761337257921696,1.0
-0.605138610026188,0.2730234824193758,-1.0
-0.6525790690739086,0.15285664376642671,1.0
-0.7415948476482299,0.06375439396651927,1.0
-0.7116891213298118,0.10508798922853657,1.0
-0.7748723551176226,0.060676049233734375,1.0
-0.6198113996706525,0.33288026047011954,-1.0
-0.7843436024159018,0.06348175848688697,1.0
-0.6857891782101433,0.10668196162987442,1.0
-0.7376468697993914,0.06350834817385476,1.0
-0.7701103665021947,0.038768209458794445,1.0
-0.6131990137510002,0.3014178578159772,-1.0
-0.5749761394617963,0.36644139875716064,-1.0
-0.6485597340520428,0.35443837963697433,-1.0
-0.6343472225780715,0.35185102820105385,-1.0
-0.6014927235191863,0.2781200768004055,-1.0
-0.8261541230676812,0.022194658216903917,1.0
-0.3594629877084117,0.4743977212865502,-1.0
-0.44786623076652177,0.42373128759209067,-1.0
-0.546145180833264,0.24944405281712534,-1.0
-0.7652158071723534,0.012826386519009247,1.0
-0.7646955314885417,0.06793700811249437,1.0
-0.6219217087200377,0.0451521321083419,1.0
-0.6870720906281349,0.10707781615565182,1.0
-0.6386263692838838,0.08428861596621573,1.0
-0.6814673382529008,0.2701211213013721,1.0
-0.6178296913476515,0.19507630941734533,1.0
-0.32800226111612574,0.49442808612730005,-1.0
-0.5552803337723162,0.461716149799031,-1.0
-0.7993237799528288,0.011136671615531668,1.0
-0.5793902933965001,0.4238165290262259,-1.0
-0.3560525107277499,0.47035289840277983,-1.0
-0.46968950489736017,0.5760512799624848,-1.0
-0.7104974438552745,0.027668795199133456,1.0
-0.5250564102407225,0.29239198401774047,-1.0
-0.7650413804185519,0.06649201257823734,1.0
-0.644523812308762,0.3251979664855753,-1.0
-0.5520213517777393,0.4424331512923345,-1.0
-0.7580739676495796,0.13554871981796168,1.0
-0.6560185105709024,0.07006626309703279,1.0
-0.348058288995162,0.4924508207877807,-1.0
-0.6731174360356817,0.24391555936745135,-1.0
-0.31198362119539524,0.25979830018331995,1.0
-0.7254668751993449,0.12145097259781323,1.0
-0.6751232192145835,0.10473801386979176,1.0
-0.584341458979452,0.47472659718823706,-1.0
-0.30930589390300156,0.5074346023720864,-1.0
-0.714306900250449,0.2186058360421157,1.0
-0.571549968153704,0.1412166528753005,1.0
-0.8064882035832852,0.03398969874251634,1.0
-0.6668254270466605,0.053573106820294925,1.0
-0.6631239322723559,0.04589160895920941,1.0
-0.1891819482225401,0.46456025086081354,-1.0
-0.717810726560856,0.1266476817909279,1.0
-0.6423253859147735,0.030747368293305044,1.0
-0.6818282137828646,0.1420955302019138,1.0
-0.5255005915241782,0.3500956920324825,-1.0
-0.7035328204916595,0.08168311781514603,1.0
-0.6306289243075298,0.06343366726650856,1.0
-0.3848705730879374,0.3435473040644865,-1.0
-0.4866882080477808,0.5389125103065453,-1.0
-0.7487170898093609,0.0631336078804452,1.0
-0.8251773912979843,0.030824227676930605,1.0
-0.7627919352671597,0.05002392124151811,1.0
-0.4031344600898592,0.10257324470512685,1.0
-0.2857850149521255,0.569936282307026,-1.0
-0.782108999727825,0.1772311915356113,1.0
-0.8535729674440518,0.04805959089571843,1.0
-0.38854709110424324,0.5148145397549229,-1.0
-0.7294922247601789,0.027974201468168758,1.0
-0.6770194495293254,0.0925517056384706,1.0
-0.4432806861514109,0.39026870545058046,-1.0
-0.7454761906265048,0.015269871597411111,1.0
-0.7042707306827651,0.15685541773564182,1.0
-0.5129374418065709,0.4434747074919869,-1.0
-0.7447302563596168,0.0990133894229075,1.0
-0.6786055307220522,0.20127208618578152,-1.0
-0.6749011546653492,0.3507439274362696,-1.0
-0.27685612707227847,0.6941805984406528,-1.0
-0.6210465202275373,0.22484716850885889,-1.0
-0.5094387193203147,0.38388925808976637,-1.0
-0.1442054807735076,0.42360975495194,-1.0
-0.7399323145546077,0.04234594043373363,1.0
-0.6781187972919724,0.1224147428656579,1.0
-0.4792068057322467,0.6134077844253625,-1.0
-0.7381138201380963,0.11170380226394627,1.0
-0.4214342772775126,0.4128568780106434,-1.0
-0.33746614794392826,0.5542658287324684,-1.0
-0.41647383206509403,0.4329442614762229,-1.0
-0.7439404751348775,0.051705550926271826,1.0
-0.7589327759487787,0.033323783631203696,1.0
-0.5880185218538827,0.035959149503469234,1.0
-0.5844078798290866,0.19263478053471772,1.0
-0.6581081080275908,0.023471369826438604,1.0
-0.6734151983946042,0.2364180187286351,-1.0
-0.6740230311897903,0.22579862882048474,1.0
-0.6320823881687829,0.10289820804609917,1.0
-0.7536867959061055,0.1414931455074111,1.0
-0.6010646326249116,0.38765667942061555,-1.0
-0.6672359046051497,0.09666005201688677,1.0
-0.6644358134508366,0.06913320810417645,1.0
-0.3056174546145485,0.3578674589662114,-1.0
-0.31572221823626023,0.3092765042929386,-1.0
-0.6453961277675262,0.05258915490048821,1.0
-0.5395240354355337,0.39168775271900813,-1.0
-0.5890268207003828,0.017286898742895573,1.0
-0.5253537924509146,0.06161042249004822,1.0
-0.7935619959062024,0.047986647237848956,1.0
-0.5395164732035482,0.3026916630042251,-1.0
-0.4704091220482951,0.30699305995949544,-1.0
-0.8245516933384351,0.0863237032899633,1.0
-0.47140402349486976,0.36667022332221677,-1.0
-0.44496846847869165,0.4505814596413984,-1.0
-0.5989592432961217,0.5012923339818371,-1.0
-0.6216080033891558,0.07029548868922575,1.0
-0.38823040317765845,0.35032061085439636,-1.0
-0.7743271228682715,0.02881090057780966,1.0
-0.7439068614985445,0.08038679325545672,1.0
-0.776920033575152,0.06236043412354775,1.0
-0.7735176578607934,0.06817780527489958,1.0
-0.5581094245026179,0.1207125840082881,1.0
-0.7574035268553416,0.033807512270868756,1.0
-0.3351376710452314,0.3630647637255606,-1.0
-0.7461778477299958,0.042103726183995605,1.0
-0.6892666735129751,0.0832683530425129,1.0
-0.054233348404522985,0.3903468892094679,-1.0
-0.6799743463598134,0.09754293927835533,1.0
-0.66280740092634,0.04077143206359324,1.0
-0.7014097590508754,0.08180014802201185,1.0
-0.7162304213452444,0.08502718296222156,1.0
-0.6004611064781784,0.12380741191736888,1.0
-0.5678058574449096,0.27400884395319736,1.0
-0.5652830316125801,0.26168753962974733,1.0
-0.6134783627021534,0.38802760812541237,-1.0
-0.7154174606075685,0.04303737851296319,1.0
-0.34295161536647356,0.4783230564717087,-1.0
-0.6734391509053239,0.09301250772114145,1.0
-0.37844663485884666,0.19039098406210542,1.0
-0.7384731441452459,0.07130378970032325,1.0
-0.7077967862660444,0.091842588280997,1.0
-0.6185677094117636,0.10150349252398883,1.0
-0.6160044445468884,0.05209976470541733,1.0
-0.7626632391511521,0.10314834427117603,1.0
-0.7300163574982435,0.0659092334099114,1.0
-0.44270920426561133,0.5615325763110377,-1.0
-0.8208988966471225,0.034811455945600756,1.0
-0.6007480982807465,0.39278879878111184,-1.0
-0.7363424527757161,0.1415523922405555,1.0
-0.7386943738238188,0.1934661417035386,1.0
-0.5962982615533292,0.24433490158753557,-1.0
-0.5926342910388485,0.17485623143147677,1.0
-0.6064001863269368,0.30997616396052763,-1.0
-0.22661723543569678,0.40796136313292664,-1.0
-0.7652706738444977,0.017789759789593518,1.0
-0.7579176239523804,0.051571084681199864,1.0
-0.6107143018307397,0.07820396509487182,1.0
-0.5539848896405601,0.0886770423312555,1.0
-0.4499635702395608,0.4578059402083454,-1.0
-0.7491685189888813,0.06924792251084,1.0
-0.7251977982014068,0.07662383258866612,1.0
-0.41236728082185437,0.41751208738060086,-1.0
-0.4253477831325654,0.5147238961562834,-1.0
-0.6599922925524879,0.2636796242004493,-1.0
-0.392744438414411,0.33198025101410167,-1.0
-0.7043207974857069,0.04113581519050058,1.0
-0.4682995215480332,0.664228987225215,-1.0
-0.5369369760192058,0.35133852611033944,-1.0
-0.7463385821029078,0.07321302295895293,1.0
-0.4171443857168242,0.4805841161921762,-1.0
-0.46632892577690654,0.392665144703642,-1.0
-0.5985966320754414,0.1354604831967663,1.0
-0.572381290069643,0.126452112572224,1.0
-0.38688830721366685,0.5531766167696333,-1.0
-0.35435793629403634,0.4528974772147194,-1.0
-0.5492148265766446,0.06554699217667803,1.0
-0.6098385193836293,0.03336225224484224,1.0
-0.6176958156720502,0.180659642937826,1.0
-0.6606645452266093,0.3442882533854572,-1.0
-0.7187426683012745,0.05266211221169215,1.0
-0.8162541894598689,0.02563043045665836,1.0
-0.3113497718442346,0.4690443785961804,-1.0
-0.7557000707436146,0.06373382895662871,1.0
-0.10413119262716464,0.5132316617059587,-1.0
-0.7290159641270293,0.03835121399606578,1.0
-0.7978840975847561,0.02663427306106314,1.0
-0.7803020386891149,0.06798642858484527,1.0
-0.5970244926829764,0.06462474718136946,1.0
-0.7705409640584548,0.01702751513948897,1.0
-0.591259138276655,0.15994990562467137,-1.0
-0.7245671648038297,0.029272477590893686,1.0
-0.762906542523524,0.01745799970558437,1.0
-0.6385758371131942,0.06031330030737081,1.0
-0.7911224843046512,0.10593288925883826,1.0
-0.7422029335211846,0.05291972497070674,1.0
-0.8109201329589268,0.16552963782669394,1.0
-0.6698436045517155,0.04276994360407116,1.0
-0.4603557762825403,0.4414986413457882,-1.0
-0.4865463881874348,0.38177362901024026,-1.0
-0.7653775499784388,0.026559264864772558,1.0
-0.32002199744601967,0.5899867039261153,-1.0
-0.5410089470533421,0.1413775612891186,1.0
-0.6656139149417868,0.3106173456435499,-1.0
-0.11999514062154049,0.47475538917569793,-1.0
-0.21331429648307676,0.6203179980911955,-1.0
-0.39053846679053095,0.4691857387042546,-1.0
-0.26857739068084285,0.49319092934333497,-1.0
-0.675761705981131,0.04151635718153557,1.0
-0.692545350499131,0.0709511218519765,1.0
-0.7706806416817926,0.11833919993478048,1.0
-0.7002364712498093,0.3407135958041181,-1.0
-0.42887271577637875,0.4783319187845336,-1.0
-0.7585547495036735,0.10020189413626213,1.0
-0.8312957987748177,0.04503649684602351,1.0
-0.739246290664596,0.0844142931746319,1.0
-0.48068380999120564,0.150948387772587,1.0
-0.5727698973164479,0.0834706003579413,1.0
-0.8406394949015521,0.04378965037903981,1.0
-0.6997922945738537,0.052729059738339856,1.0
-0.23653129988451838,0.5005940935006947,-1.0
-0.3838329549689661,0.414131683690357,-1.0
-0.5838298450762522,0.11088903482595924,1.0
-0.7564348141895607,0.057806671800790355,1.0
-0.682886560462066,0.03017444808210712,1.0
-0.754490849623835,0.08897130254626973,1.0
-0.7866728807875916,0.051472300259774784,1.0
-0.6436589711131546,0.3965670194497761,-1.0
-0.7343666305532679,0.0421809732215479,1.0
-0.40239920742442337,0.5214104612732626,-1.0
-0.13985230141173588,0.5617782820091861,-1.0
-0.3216355850108812,0.432934893102356,-1.0
-0.01014011250117619,0.37035611359533505,-1.0
-0.6987321242522739,0.14878980871435488,1.0
-0.1913344845697793,0.5498491502603429,-1.0
-0.6334241145475517,0.04520916360115734,1.0
-0.7860089942987543,0.13398694148054346,1.0
-0.2662009092819062,0.4654125621163985,-1.0
-0.6578269975143485,0.2791103185736574,-1.0
-0.6944345798256109,0.04137846454977989,1.0
-0.5461051333631985,0.05021354391828936,1.0
-0.735249141404438,0.04419752594822057,1.0
-0.5578134489696822,0.10907178897468839,1.0
-0.8050012271560263,0.020197707461193204,1.0
-0.6169105759839795,0.1306348998048179,1.0
-0.5215066432538151,0.49656669611431425,-1.0
-0.7013666144666786,0.09393089223158313,1.0
-0.611281449731905,0.13321549899410456,1.0
-0.6024590505148808,0.2605911308855866,-1.0
-0.7637942957444466,0.01847136857395526,1.0
-0.41837074454451795,0.4190825497425976,-1.0
-0.712028352994821,0.05265334379510023,1.0
-0.7156722300214824,0.05520795059965167,1.0
-0.7738892469060374,0.08272778455284424,1.0
-0.5705730890585983,0.3094474026656826,-1.0
-0.8163703145892214,0.026798972856340697,1.0
-0.6728355500927137,0.0625826889227028,1.0
-0.6918261825849186,0.023455663249478675,1.0
-0.2759016268646519,0.441354852366203,-1.0
-0.6033076878993597,0.08742150860052789,1.0
-0.3632741081128188,0.3804137996266945,-1.0
-0.7945540289219934,0.04469017841620371,1.0
-0.5374150581847061,0.13948055855871644,1.0
-0.3774926461155701,0.48382128136290703,-1.0
-0.7890808800293598,0.013152457948308438,1.0
-0.801046176784439,0.017272283730562776,1.0
-0.7242521283624228,0.12808273843256757,1.0
-0.7449278177773522,0.03602546139882179,1.0
-0.6737289611519373,0.10235083882434992,1.0
-0.467543402193769,0.49336828238665476,-1.0
-0.7085890088928863,0.04117763903923333,1.0
-0.39831364779820433,0.36259887627966236,-1.0
-0.5349868800403783,0.05144993049907498,1.0
-0.7180488947487902,0.017517507483717054,1.0
-0.6975155993495719,0.07509939205192495,1.0
-0.7324535787629429,0.12180503929266706,1.0
-0.560792459111326,0.46207736829455826,-1.0
-0.7848513356766489,0.048483510057849344,1.0
-0.6763369697929988,0.027321155892764182,1.0
-0.7182601401000284,0.04924151865998283,1.0
-0.8143517787830206,0.02962869542534463,1.0
-0.38958993899700545,0.4828125286735485,-1.0
-0.5763279550301377,0.06616358325118199,1.0
-0.6956316222531314,0.08945117278926773,1.0
-0.7309571693849648,0.08055733305627655,1.0
-0.7986504638392944,0.033503482525702566,1.0
-0.38234309319523163,0.48893688643875066,-1.0
-0.616905251488788,0.05568666181352455,1.0
-0.5299647024039587,0.345306629773404,-1.0
-0.5106116275801469,0.40643292477398063,-1.0
-0.21092194349330384,0.7180431022279663,-1.0
-0.38722520896044443,0.5450585739818052,-1.0
-0.739659583705361,0.054714732483262196,1.0
-0.4753701277040818,0.054940989743045066,1.0
-0.7422385998434038,0.056987505362485535,1.0
-0.38214594319015305,0.39566462820039305,-1.0
-0.42782387643455877,0.41684418456134154,-1.0
-0.32395317089321907,0.5163922501742491,-1.0
-0.584879498452537,0.39582486813677065,-1.0
-0.6471968822843337,0.07994463993964018,1.0
-0.5328113301566191,0.19956201035165577,1.0
-0.3368609891804226,0.4284985418416909,-1.0
-0.4453507525522582,0.4631116648633906,-1.0
-0.7782207933196332,0.026855094416532665,1.0
-0.35469229341470054,0.34294205372134456,-1.0
-0.7459957320133981,0.1399721162088099,1.0
-0.6954658383256174,0.1345168013795046,1.0
-0.7279955132485156,0.07401944695175189,1.0
-0.32569043085004523,0.5081508900602785,-1.0
-0.41552155053796014,0.38766509063134436,-1.0
-0.7708148457022617,0.042427904350915924,1.0
-0.7781322653463576,0.02412843453930691,1.0
-0.5364142983307829,0.043820707622217014,1.0
-0.3088402541166033,0.29073976063409646,-1.0
-0.2792202332066154,0.5348592580103286,-1.0
-0.5119275964764256,0.4650391608533937,-1.0
-0.7846904261677992,0.03659467777470127,1.0
-0.8440167462058525,0.04298060566907225,1.0
-0.6341976797634743,0.08900481206455879,1.0
-0.517247863657758,0.5295737740052573,-1.0
-0.352919120578008,0.3878345573102706,-1.0
-0.850072605364403,0.08721226627676515,1.0
-0.554064522486442,0.3802823445366812,-1.0
-0.6916291165539405,0.04918715797339246,1.0
-0.5128259311240981,0.071233420734643,1.0
-0.37044801035517594,0.49830644218309317,-1.0
-0.5823766136782069,0.1734031017185771,1.0
-0.4254491486681218,0.4828523563264753,-1.0
-0.76473552724201,0.07759024268307257,1.0
-0.7007950553379487,0.14850815531099215,1.0
-0.7827435617509764,0.03982321446528658,1.0
-0.3573646530089718,0.5209139039880029,-1.0
-0.5292600123975717,0.3712808178024716,-1.0
-0.7631935341014469,0.16574191342078848,1.0
-0.4594535149662988,0.4803243975911755,-1.0
-0.7022672685197904,0.035265616796095856,1.0
-0.7249943987844745,0.0655184970528353,1.0
-0.8712491039696033,0.08596924938319717,1.0
-0.6692033028162996,0.06496327976424254,1.0
-0.6761365215752448,0.08148303253256017,1.0
-0.5973025222629076,0.04229335146374069,1.0
-0.6791901964134013,0.06309913457516814,1.0
-0.5720489219602314,0.11610659393772949,1.0
-0.4735462704229576,0.4196122818320873,-1.0
-0.29867220893356716,0.4668512398056919,-1.0
-0.31498811386882153,0.42160061015965766,-1.0
-0.7558447165283724,0.039811650800402276,1.0
-0.5970176482733223,0.4027458551718155,-1.0
-0.31405641328325373,0.6292058479401703,-1.0
-0.6035444787312372,0.41462429226703534,-1.0
-0.6244673164082997,0.32592186271176615,-1.0
-0.53428043363283,0.3621106531491023,-1.0
-0.29276193215628155,0.5564967370592058,-1.0
-0.25218562108057085,0.47771410713903606,-1.0
-0.43588577309287757,0.3496266390980054,-1.0
-0.5779996619457961,0.098515558973304,1.0
-0.7260049691976747,0.03657839700463228,1.0
-0.6243806666013825,0.036233006406746426,1.0
-0.8015949882828863,0.010327854455681518,1.0
-0.723662882053759,0.07340201287297532,1.0
-0.7080595268635079,0.028535669785924256,1.0
-0.5927276205038652,0.16774830808572005,1.0
-0.813350421092764,0.02940319608023856,1.0
-0.560633922163106,0.23933833786577452,1.0
-0.5486609644940472,0.3444069962861249,-1.0
-0.6118004015916085,0.08342684451054083,1.0
-0.4640309215167804,0.4146605617848991,-1.0
-0.77405820851709,0.026338732670410536,1.0
-0.4480346490950069,0.348371548167961,-1.0
-0.6930261320085265,0.08171913970727473,1.0
-0.3035348560733837,0.39812565509055275,-1.0
-0.1977688509505242,0.47357451904099435,-1.0
-0.16991918480802326,0.5168232106431958,-1.0
-0.19457332868114463,0.42200263645645464,-1.0
-0.786842756923761,0.18312940896976215,1.0
-0.8112730906323122,0.0355244093152578,1.0
-0.7950535074924119,0.034767030738294125,1.0
-0.6699139262113931,0.05169767218740162,1.0
-0.6930093848131946,0.3272071548126405,-1.0
-0.7558903897661366,0.059935087730991654,1.0
-0.6026517293539655,0.14688686587760458,1.0
-0.3745848119342554,0.4234793415926106,-1.0
-0.3900411854592676,0.5337691048407578,-1.0
-0.6148684162208156,0.046721332813831395,1.0
-0.6453234547552711,0.07263160433649318,1.0
-0.6554863492856384,0.10982611948566046,1.0
-0.43799452608800493,0.2690021755406633,1.0
-0.6064942184270876,0.09913164564295585,1.0
-0.6899855536103132,0.02217100306006614,1.0
-0.6442650130011316,0.053075863608682994,1.0
-0.47688940073157937,0.46420210656015115,-1.0
-0.6617676647983899,0.08909952434623847,1.0
-0.7846057844581082,0.021259297616779804,1.0
-0.8011802911059931,0.019394735572859645,1.0
-0.5944679829008237,0.033427216789277736,1.0
-0.7014500569239317,0.3262070724667865,-1.0
-0.7178319222730352,0.04805401494377293,1.0
-0.7837697865907103,0.03327835618983954,1.0
-0.6276671754967538,0.2842356845358154,-1.0
-0.5711010274826549,0.07066889095585793,1.0
-0.804943155082583,0.02263848097936716,1.0
-0.8675489450106397,0.08725746721029282,1.0
-0.2960263258532905,0.4364206480595385,-1.0
-0.5200939208225464,0.12134313602291513,1.0
-0.6346408678873559,0.4225490432436345,-1.0
-0.7126819198310841,0.01728969340911135,1.0
-0.4063394762815733,0.3748030443894095,-1.0
-0.13892122189827205,0.47179969245553366,-1.0
-0.5325648478838048,0.4810971139359026,-1.0
-0.6049356217354216,0.10441942267425475,1.0
-0.5804633372463286,0.25778131202969234,-1.0
-0.7599620886612684,0.07600040163379163,1.0
-0.6402982245272142,0.03179715400619898,1.0
-0.6405057504562137,0.2926306173976627,-1.0
-0.4415083458952722,0.12905464415962342,1.0
-0.7013533163799366,0.05739915252524952,1.0
-0.6787087691845954,0.14936175516049843,1.0
-0.6477751881648146,0.1037580491611152,1.0
-0.8194001687843411,0.028404795746610034,1.0
-0.4346491003630035,0.4962791146872405,-1.0
-0.6563373483586474,0.11875280014646705,1.0
-0.7849303084167332,0.14177930919322534,1.0
-0.7313349231453685,0.01975149275131116,1.0
-0.6319194132627217,0.32386343778534865,-1.0
-0.3556960839232488,0.40560621508484473,-1.0
-0.765185344935162,0.01789678109344095,1.0
-0.5164948145538801,0.5402323674061336,-1.0
-0.8002052124647889,0.019199229136575013,1.0
-0.746210278615763,0.1509505317226285,1.0
-0.6029176993215515,0.3904847591256839,-1.0
-0.7912950438221742,0.016167049390787724,1.0
-0.8285635094798636,0.0393397256557364,1.0
-0.5584422681422438,0.5176643370068632,-1.0
-0.7011418232586948,0.05747067599259026,1.0
-0.8095717662290554,0.02571149454161059,1.0
0.17543958683927485,0.6965197052813892,-1.0
-0.6933246433763998,0.039070420229109004,1.0
-0.613990957102942,0.07237989399436628,1.0
-0.7438975399563788,0.06890339418896474,1.0
-0.4438632388591941,0.431837674601411,-1.0
-0.5426077393426567,0.30886313728024106,-1.0
-0.6617077349856118,0.15135175646355492,1.0
-0.7685071045198129,0.026164074239204638,1.0
-0.3892049194619176,0.4570698332754546,-1.0
-0.5220492008024848,0.34231730344345124,-1.0
-0.44327123309540184,0.3320591222272924,-1.0
-0.43148511182062066,0.4674600226771872,-1.0
-0.6550066852864802,0.04028888543598441,1.0
-0.5708107076243323,0.5340283925979747,1.0
-0.697212036282508,0.044107636455009924,1.0
-0.6409717003361948,0.08436373125550745,1.0
-0.7874686930372263,0.008667386588058434,1.0
-0.7548763234954095,0.017532018740894273,1.0
-0.7756046450558642,0.0958325001920457,1.0
-0.3504014439549792,0.49046971940333606,-1.0
-0.6535620927461423,0.13763487272080965,1.0
-0.2427472750969173,0.5487287767391535,-1.0
-0.8182060474082391,0.11476887378739775,1.0
-0.7279712788340476,0.09581885200714169,1.0
-0.5732411835779203,0.11471274591167457,1.0
-0.7364182695382624,0.06995439874299336,1.0
-0.7346790190422325,0.05568673678499181,1.0
-0.729857765523775,0.080950827759807,1.0
-0.8259556654556945,0.04187579765130067,1.0
-0.4627378897530434,0.14917178442556178,1.0
-0.7874498640576348,0.10608269431031658,1.0
-0.6502876460144762,0.02508310182020068,1.0
-0.2701328986786393,0.6924193741979252,-1.0
-0.7991794758563628,0.04878642430412583,1.0
-0.32421509399136994,0.3937317013624124,-1.0
-0.7766565860074479,0.04372349340701476,1.0
-0.3020896638290651,0.4742399783081055,-1.0
-0.8020848743253737,0.049447823243099265,1.0
-0.7398882117631729,0.08972687892674003,1.0
-0.5046604371964349,0.3176870171009796,-1.0
-0.785372295855268,0.13523865805836977,1.0
-0.7325566384861304,0.23682110805384582,1.0
-0.7369531918302528,0.06102205796923954,1.0
-0.723738622298697,0.06416161212837324,1.0
-0.7328469539891103,0.08268319484477615,1.0
-0.8003232780320104,0.020165749301668257,1.0
-0.20427306318288174,0.5263799571857817,-1.0
-0.31563043868482055,0.4895839005257585,-1.0
-0.23301031915343628,0.3961551508637058,-1.0
-0.4487905480482368,0.3693696019490744,-1.0
-0.48184765665064333,0.29142795475490857,-1.0
-0.47616314320475794,0.4716210147016682,-1.0
-0.5515232571633533,0.04805736965499818,1.0
-0.25890611072590275,0.4292963756681445,-1.0
-0.6097671132056348,0.3586998499031324,-1.0
-0.7001599892792001,0.11055345953354845,1.0
-0.6901311675464967,0.03719896633992903,1.0
-0.5650689771468933,0.19420192494635558,1.0
-0.6806545138351794,0.14129402355320053,1.0
-0.7794554588617757,0.01286723604425788,1.0
-0.6141788579880085,0.24202533673815196,1.0
-0.7389404487184947,0.031775886978721246,1.0
-0.8133242843177868,0.020951807644451037,1.0
-0.7294464226797572,0.062287675638799556,1.0
-0.6291546723587089,0.39827457517094444,-1.0
-0.7385730990896491,0.07574304610238869,1.0
-0.6588223063317855,0.06695904794833041,1.0
-0.4327145561546786,0.38452174415579066,-1.0
-0.35501685168446784,0.4604390572576449,-1.0
-0.6214962711674161,0.26514550516731106,-1.0
-0.3916065808271014,0.4921984621996671,-1.0
-0.6555255803991713,0.04124198277986579,1.0
-0.7931860977405449,0.04549966167542152,1.0
-0.7184743879261077,0.07170673638756853,1.0
-0.25742419983043874,0.42848803073775343,-1.0
-0.40161054469456303,0.49587218152942114,-1.0
-0.45618768316853675,0.10959918758453568,1.0
-0.7570202278657234,0.019237700922531076,1.0
-0.811551837656225,0.01996077545118169,1.0
-0.8257844548347748,0.034201236295302806,1.0
-0.781224890440626,0.033491998146018886,1.0
-0.04892416633747132,0.4116107497406176,-1.0
-0.5658215355342691,0.09028476121238782,1.0
-0.6677936337491701,0.08027149142071721,1.0
-0.44262635440099984,0.4991238181828521,-1.0
-0.8343175089603392,0.035151554982803646,1.0
-0.8101230800093617,0.02049938210984692,1.0
-0.5276552199256912,0.36937790756746836,-1.0
-0.6435308324398648,0.28805007306073094,1.0
-0.8016269879808533,0.012493388217990287,1.0
-0.7676996527370648,0.03703561383008491,1.0
-0.7943044639323489,0.013305971209774725,1.0
-0.6957006335505866,0.31265715150220785,-1.0
-0.733050262733741,0.07047205586422933,1.0
-0.4298497465715627,0.33957036965875886,-1.0
-0.6961165640095714,0.10397107491735369,1.0
-0.3385977048146742,0.46467238355762674,-1.0
-0.6136586467627012,0.024063243470891393,1.0
-0.6017337275152386,0.0525861117275781,1.0
-0.25367135605893054,0.6435927348074983,-1.0
-0.7928153846733039,0.07556300846044905,1.0
-0.5675119477200496,0.09233832696190802,1.0
-0.6875978836415015,0.07751190244380268,1.0
-0.7024688981091458,0.07878025636091479,1.0
-0.8211628597811682,0.03180521081083043,1.0
-0.6722926443162578,0.03909349775130977,1.0
-0.76770852838672,0.058134757142397575,1.0
-0.5856366660966046,0.058368571090227306,1.0
-0.48456267953224597,0.5233111616398674,-1.0
-0.7139384756810614,0.14613612815446686,1.0
-0.7755625583231449,0.01534440170507878,1.0
-0.6839604357422786,0.05565845416526827,1.0
-0.2637546366077004,0.2889405344867555,-1.0
-0.23950343239357608,0.6275675074266474,-1.0
-0.7019579662119213,0.028396623943990562,1.0
-0.39553520426427724,0.4884119132705962,-1.0
-0.5727990488521755,0.29946183976426255,-1.0
-0.5437448075244902,0.5160715747624636,-1.0
-0.7646010230819229,0.059692544688005,1.0
-0.7254821311944397,0.05348079264513217,1.0
-0.7106130546962959,0.1310683862393489,1.0
-0.5558525084634311,0.41145505977328867,-1.0
-0.5300400810228894,0.06861291834502481,1.0
-0.6924135332737933,0.1695953727903543,1.0
-0.6157432487452752,0.04285599790455308,1.0
-0.780725941847777,0.041578010481316596,1.0
-0.624613632042383,0.04087670913213515,1.0
-0.7629405427724123,0.13914434077742044,1.0
-0.543919790919972,0.44427788324901485,-1.0
-0.1763810356205795,0.44962256005965173,-1.0
-0.772357969188306,0.09100135329936165,1.0
-0.7174620035511907,0.03022266150219366,1.0
-0.643582347530355,0.09607360892368888,1.0
-0.7808293612574744,0.06381315283124422,1.0
-0.5146347194929604,0.4384499417578809,-1.0
-0.27459950451520854,0.5008111203205772,-1.0
-0.37334769900689935,0.3946564189345736,-1.0
-0.7797937513241777,0.05418432501028292,1.0
-0.4585592470939446,0.4938476592724328,-1.0
-0.714714921603445,0.0429612243315205,1.0
-0.3243277048932214,0.4562871230955352,-1.0
-0.6297673458811914,0.3700851802386751,-1.0
-0.6252909774520958,0.11839739664719673,1.0
-0.7595632016018499,0.026267875044140965,1.0
-0.7784921138372738,0.014447834517341107,1.0
-0.45550633042512345,0.3883082638858468,-1.0
-0.5267648847457167,0.38941870921917143,-1.0
-0.765349495596638,0.02001887776532385,1.0
-0.38074294407851994,0.416016458068043,-1.0
-0.5450371132465079,0.09230109624331817,1.0
-0.792487736651708,0.12111047328210134,1.0
-0.5784002331347438,0.10053246354800649,1.0
-0.389421307109842,0.4865253404586838,-1.0
-0.41598574725867365,0.3838911564016598,-1.0
-0.5017050707774615,0.3028443791663449,-1.0
-0.7870388975497917,0.11142631199618336,1.0
-0.5836874817068747,0.07787492941861274,1.0
-0.7444233922906278,0.05233287176088197,1.0
-0.6250862604010763,0.032171477967494866,1.0
-0.7359741849322745,0.08509842982311966,1.0
-0.29055474966662587,0.5972028161850176,-1.0
-0.623541630935506,0.22493873877101578,1.0
-0.49093340117906337,0.10772065612400183,1.0
-0.5365161940280814,0.10410945699550211,1.0
-0.7523760864278302,0.027587957913056016,1.0
-0.7414246188945981,0.07885883004564676,1.0
-0.6432480070907332,0.3100042485530139,-1.0
-0.7127836744984961,0.053021533487481065,1.0
-0.6423750722744614,0.08845201528896496,1.0
-0.5159944598053698,0.4820362262398703,-1.0
-0.47310540067883267,0.29606049563517445,-1.0
-0.621510200893681,0.13433215585246217,1.0
-0.521435966658828,0.060250871702010045,1.0
-0.6306280160970346,0.07829019489145139,1.0
-0.2881409668498236,0.5553427411323355,-1.0
-0.49563134409056886,0.3470739578348514,-1.0
-0.6878363065552549,0.0928083529433934,1.0
-0.7707285182259511,0.09078227778081782,1.0
-0.6951744393518311,0.0786022632237291,1.0
-0.8296621188474091,0.04243784033678821,1.0
-0.8182625723484307,0.028639344485782203,1.0
-0.5726882949493302,0.30661711710854433,-1.0
-0.1976297266955953,0.43397388559242245,-1.0
-0.6566953627125258,0.041441845531153376,1.0
-0.7010738567805674,0.036712118329887744,1.0
-0.666045471385587,0.18376219528727233,1.0
-0.6440717475115889,0.06253550278961484,1.0
-0.8049857018977491,0.062073466961010126,1.0
-0.8044074005738366,0.02303729281993583,1.0
-0.6989500932795636,0.0985336675439612,1.0
-0.7740531840245239,0.14432132651563734,1.0
-0.5869038143464422,0.44702426512230886,-1.0
-0.11640575111778162,0.5184782338001241,-1.0
-0.7354457491348789,0.2121075083345758,1.0
-0.7637143868923886,0.1387194910494145,1.0
-0.8118533639899397,0.05517056790267816,1.0
-0.44817362407411565,0.5250441479802248,-1.0
-0.7739071442974819,0.03700172523895162,1.0
-0.10386881811739102,0.5702935865148504,-1.0
-0.8195920869043221,0.04372528524345398,1.0
-0.4316807367425781,0.37616822766835867,-1.0
-0.3964085476377477,0.4091614399540049,-1.0
-0.7269108153086563,0.15683298970543547,1.0
-0.34103949363998254,0.4245961566120968,-1.0
-0.7571828617947176,0.08440440380945802,1.0
-0.7039805742679164,0.07303351839073002,1.0
-0.47438731493093655,0.5642153688459075,-1.0
-0.8089892708376283,0.02512034008395858,1.0
-0.7685598266452871,0.05682453624831396,1.0
-0.6909946496161865,0.0746481845562812,1.0
-0.43193626297033916,0.5984127819428977,-1.0
-0.7595084355707513,0.05967497013625689,1.0
-0.5825449706362633,0.2604517606632726,-1.0
-0.6708634133392479,0.09084406824695179,1.0
-0.6113067777259857,0.05076911133073736,1.0
-0.7500396528339479,0.02090984006645158,1.0
-0.8175797098560906,0.11921201847962948,1.0
-0.7371661260585824,0.06837142170843435,1.0
-0.271794668467237,0.7093028292379131,-1.0
-0.5711921136571618,0.3494616245661746,-1.0
-0.39689734118928754,0.37872869841703505,-1.0
-0.7463863361626863,0.038139488315209746,1.0
-0.3928085461120645,0.5027492763983901,-1.0
-0.717707790559416,0.0640816275817997,1.0
-0.42908738015103154,0.5305078183300793,-1.0
-0.769979560693173,0.0650358249040437,1.0
-0.6521204287946603,0.1767014372489939,-1.0
-0.28188729272551427,0.7322057802630297,-1.0
-0.7588677436651778,0.025460065153311007,1.0
-0.7879965328465914,0.058928861893946305,1.0
-0.6422173090177239,0.3543352950364351,-1.0
-0.5555310869167442,0.08230427150556352,1.0
-0.7124234852908558,0.14459308113509906,1.0
-0.42346837373042945,0.33733921506791376,-1.0
-0.5508289810677525,0.05620725906919688,1.0
-0.6435936872437189,0.1029761598334531,1.0
-0.7260140871221665,0.026360073883552104,1.0
-0.7004657763718569,0.06552303417265648,1.0
-0.8071625114389462,0.02622654111473821,1.0
-0.5202820334543503,0.4738946863762976,-1.0
-0.41549803372436145,0.3546205611382902,-1.0
-0.6971039313648362,0.0434283796348609,1.0
-0.5546658434177516,0.13952532774419524,1.0
-0.7960877683945,0.006647726520895958,1.0
-0.5886859145539347,0.03600551403360441,1.0
-0.7501569937012391,0.09356402067351155,1.0
-0.7987701797237605,0.010987214829583536,1.0
-0.5636902328697033,0.36250942436163314,-1.0
-0.6072833740327042,0.32268809832748957,1.0
-0.8079946817933887,0.05539498019243183,1.0
-0.498094034861424,0.48236817569704726,-1.0
-0.7234398355212761,0.09827492703334428,1.0
-0.7327907735525514,0.10309558089647908,1.0
-0.4575769510338432,0.46797993885411415,-1.0
-0.49223427432298195,0.49374931075726636,-1.0
-0.8348994412381217,0.029148451661967556,1.0
-0.7257666743134905,0.02276305646955734,1.0
-0.2270512167160632,0.4724627465766389,-1.0
-0.4792777907641721,0.4963613535364857,-1.0
-0.6304572540539084,0.16240087870392017,1.0
-0.7316248447859834,0.03299546110065421,1.0
-0.6878416359904804,0.10129241181130055,1.0
-0.3955825843131606,0.5003439896499913,-1.0
-0.7042798763031897,0.05964796592161292,1.0
-0.7399853552415152,0.045105002223863266,1.0
-0.5666020325297723,0.3610629742615856,1.0
-0.3121429706661729,0.40039608914230485,-1.0
-0.8059945121112833,0.08406738996200147,1.0
-0.7528979057897232,0.04637638201529626,1.0
-0.6054024342092816,0.07947009360759694,1.0
-0.6535417989216512,0.09426781724323519,1.0
-0.8196113287522167,0.029537171962147113,1.0
-0.7913909666240215,0.02274966216646135,1.0
-0.6581243211549008,0.11076737291296013,1.0
-0.37152722492027124,0.48697110077193884,-1.0
-0.5818058364238823,0.031111907243030146,1.0
-0.3002038966587861,0.5054368101264117,-1.0
-0.6948707951405595,0.08336929391407466,1.0
-0.3315695298724677,0.4908005398046953,-1.0
-0.7983875150821405,0.007392817904474214,1.0
-0.8042955421260558,0.029959703679196537,1.0
-0.5027329716722306,0.42788826936885016,-1.0
-0.6896202524712862,0.08330918259525788,1.0
-0.6427815470779024,0.35116348563315114,-1.0
-0.38331260412905976,0.43519735510744795,-1.0
-0.7402387493893912,0.08562020172394114,1.0
-0.7621188737393823,0.06955988286063075,1.0
-0.7459087188572084,0.17920313843023905,1.0
-0.7835571421310306,0.015272474847733974,1.0
-0.8155719243659405,0.02844587594154291,1.0
-0.4543084801407531,0.4787648511992302,-1.0
-0.3199678452256194,0.4383527249956387,-1.0
-0.27158435191449826,0.6446585071025766,-1.0
-0.772111119589681,0.07498386380757438,1.0
-0.277657923867082,0.5420449355078745,-1.0
-0.7555806356249377,0.08687038760399446,1.0
-0.7820955545612378,0.0709621776768472,1.0
-0.7166257690769271,0.09569764330808539,1.0
-0.7975422273193544,0.10572553845850052,1.0
-0.6290753484881861,0.3175110796400986,-1.0
-0.35012831407789236,0.4491850266381334,-1.0
-0.48367267214052845,0.6431117850297596,-1.0
-0.5754556682672956,0.03683089214882784,1.0
-0.739805359771708,0.1053535250830464,1.0
-0.5461025601625806,0.4709115123387164,-1.0
-0.7799550470845134,0.12354660360870184,1.0
-0.8191968079654544,0.04352135825865844,1.0
-0.7946309891631245,0.09449457614391576,1.0
-0.8051500444853446,0.03498625007341616,1.0
-0.648834717405407,0.07234873668494401,1.0
-0.28948643541571073,0.5796086059435765,-1.0
-0.6588652391092182,0.06915231936363853,1.0
-0.5107352187369543,0.47782647416897817,-1.0
-0.8143923877469206,0.14033522742829518,1.0
-0.5076504552200163,0.39617726151448096,-1.0
-0.6125021937405108,0.043004964260035194,1.0
-0.6786396207653524,0.09535117957238981,1.0
-0.6598744942893973,0.04614998764009215,1.0
-0.11119246767157165,0.5999412707569718,-1.0
-0.6301832886783814,0.27416005648410646,1.0
-0.7721465786744375,0.019707607163581997,1.0
-0.6603314027731813,0.04813155949295833,1.0
-0.37455089351715287,0.47711266374972183,-1.0
-0.796557770419895,0.10288226840930292,1.0
-0.6418775628262665,0.061591685574967414,1.0
-0.621423113204969,0.07309441230313496,1.0
-0.4328727352503847,0.30088323538984696,-1.0
-0.523024308757158,0.06353004259290174,1.0
-0.3968710316294164,0.5461889534090005,-1.0
-0.6594580109353956,0.049640330927104515,1.0
-0.5360259905301064,0.3413084577223344,-1.0
-0.5272650231636362,0.12332976362085901,1.0
-0.7984061462775571,0.09432664499036036,1.0
-0.2623904481606587,0.46946680128530716,-1.0
-0.8564433003411978,0.05039325177494902,1.0
-0.3113647585705621,0.4376287990307901,-1.0
-0.5055597219561605,0.2097107563422469,1.0
-0.5608365031584981,0.3199052862037206,-1.0
-0.22172931293061993,0.5384074797220819,-1.0
-0.302089844521106,0.35888035898824455,-1.0
-0.726728487508808,0.03581553864205489,1.0
-0.3259557079836668,0.3213852526896517,-1.0
-0.7274492143724274,0.02902324161004799,1.0
-0.6083121085721359,0.3319973812540411,1.0
-0.7812866322792615,0.09941824755696871,1.0
-0.7809162484190892,0.02499269909458235,1.0
-0.7724385325273033,0.09154050837969407,1.0
-0.3257039495219942,0.4701473801978864,-1.0
-0.29673452842189363,0.4124649278628567,-1.0
-0.5698446013038847,0.08631757394869055,1.0
-0.7354730933320752,0.035670431703692884,1.0
-0.2945784491930681,0.4590420442764298,-1.0
-0.7264209307231795,0.13063444481304032,1.0
-0.7182819933332212,0.06945526545314351,1.0
-0.8178387952139019,0.029225160673377104,1.0
-0.6065148569978192,0.08185419240908232,1.0
-0.22407621208549244,0.3823339632799616,-1.0
-0.6272239367699513,0.11800598856279976,1.0
-0.6883188808424165,0.1541906292841304,1.0
-0.32141444762521587,0.6927177594100158,-1.0
-0.6344520114143961,0.02982372605765704,1.0
-0.6805534004898846,0.022724779404825313,1.0
-0.7693567870883271,0.07244634185917675,1.0
-0.727068095067807,0.10822008896502666,1.0
-0.6424193405873666,0.06629449570755241,1.0
-0.5483080240810523,0.08408975836937316,1.0
-0.3549206073894311,0.40094886080987635,-1.0
-0.6998173478868921,0.06200755999998364,1.0
-0.5260465705214301,0.05202603284851648,1.0
-0.40904976432284457,0.5038782252595411,-1.0
-0.43526856978132855,0.27137997802492464,-1.0
-0.7378146193277644,0.05577084560718504,1.0
-0.7321910300343006,0.13523182633070974,1.0
-0.6535684526061232,0.05644474851214909,1.0
-0.8330582764301653,0.05582948462324566,1.0
-0.5522501832492708,0.33379166624945356,-1.0
-0.8147997507912805,0.08291998240747489,1.0
-0.6525680541963084,0.0729433799860999,1.0
-0.6490217913851666,0.07094686698837904,1.0
-0.7691859496262623,0.09416798537131399,1.0
-0.6159914412310172,0.33160729490191443,-1.0
-0.5647366015109583,0.2256588955206098,1.0
-0.2561216288445394,0.4793296015714077,-1.0
-0.7265045795692799,0.032280096629733634,1.0
-0.6237495609275356,0.21811306525341934,1.0
-0.4263262286549434,0.4161015024292283,-1.0
-0.6102128769243791,0.0507151877918659,1.0
-0.5924402801374526,0.06477476678628591,1.0
-0.6917810717859538,0.051475697284331545,1.0
-0.6610388284643705,0.2185757504121284,1.0
-0.4415036751634034,0.3581929338470218,-1.0
-0.4056213762705738,0.4466163662800682,-1.0
-0.24830140282574575,0.4683779485349078,-1.0
-0.5279818769122357,0.33829091319057625,-1.0
-0.39824535784828186,0.3420924049678433,-1.0
-0.7907579892562353,0.05027852083730977,1.0
-0.7266135202735313,0.031635062288842164,1.0
-0.6852308829347749,0.05222734583730926,1.0
-0.4983524521012441,0.3876596414920641,-1.0
-0.6171024754262362,0.06029006455446506,1.0
-0.5841427999981761,0.3709567663033795,-1.0
-0.5502438620023895,0.07921246741898358,1.0
-0.8105783991777571,0.011182651534909382,1.0
-0.6370686868176563,0.1506550226768013,1.0
-0.8007261346483574,0.06206257102530799,1.0
-0.7281284794880776,0.08426066789252218,1.0
-0.3464507425596821,0.3989520138275111,-1.0
-0.7536034367003595,0.1394392128859181,1.0
-0.36554712294400815,0.5673400880896224,-1.0
-0.5740904846697958,0.31341167476421106,-1.0
-0.3561734766662994,0.47554248711821856,-1.0
-0.49210603866595193,0.37648134219489293,-1.0
-0.680675540809716,0.20922791492012038,1.0
-0.2418603693440673,0.5639066948642721,-1.0
-0.6035232089598139,0.12857709253876237,1.0
-0.6480116496704795,0.3704628060313553,-1.0
-0.6695582759639365,0.07864328600408044,1.0
-0.775395115124411,0.26897708830074407,1.0
-0.5985167779672338,0.24385753045862657,-1.0
-0.6087992572356598,0.09075373319501523,1.0
-0.5269921477583921,0.43446885839694005,-1.0
-0.5841093048748007,0.4335221247638401,-1.0
-0.700296004943084,0.1423710878007114,1.0
-0.8244227268623945,0.030824451976513956,1.0
-0.5318439485859017,0.32328988827157445,-1.0
-0.4689223264940665,0.32128819938225206,-1.0
-0.6852047361335281,0.035078610493656015,1.0
-0.822783565027521,0.06667568081093123,1.0
-0.7055314724320851,0.22665066503213893,-1.0
-0.5442620389749209,0.1570505846866581,1.0
-0.7604302377367276,0.0527025095798308,1.0
-0.5760139706399059,0.3552923626557458,1.0
-0.7238513917418459,0.16760523695484153,-1.0
-0.3204260946731665,0.4850850430884748,-1.0
-0.8513839063862179,0.048186156132942415,1.0
-0.6819570336047036,0.07413209835794987,1.0
-0.802659838427644,0.04286667267297162,1.0
-0.8518716080543527,0.06462779903813498,1.0
-0.5880705355884857,0.47730725079600234,-1.0
-0.6795840037520975,0.05202824540901929,1.0
-0.7577162257366581,0.0377462609030772,1.0
-0.7497594879860117,0.16333932409906993,1.0
-0.7439518605760895,0.19245844528813905,-1.0
-0.7226382880908204,0.04947825163253583,1.0
-0.7561322757101152,0.05865553981857374,1.0
-0.4173581456852844,0.1634771666431334,1.0
-0.6309061500178359,0.3375031327959732,-1.0
-0.6819937821128406,0.06314617526368238,1.0
-0.728115709611302,0.03516098159161629,1.0
-0.29918099002134113,0.4685510027302371,-1.0
-0.5500747245632738,0.02242035396011488,1.0
-0.824927689098331,0.0781454546340683,1.0
-0.7105988732946571,0.07663246089941822,1.0
-0.5963872601569165,0.069840224517975,1.0
-0.7418336700793589,0.05423155179596506,1.0
-0.3990225267389178,0.5379350930343207,-1.0
-0.4147117012207673,0.6897499352871819,-1.0
-0.7938123922795057,0.042069377028383315,1.0
-0.6905367712788575,0.07105663275433471,1.0
-0.336037027213024,0.4687906893377658,-1.0
-0.7420579780009575,0.07524165697395802,1.0
-0.6277261962050034,0.07500364086263289,1.0
-0.7137218169846165,0.046248500344518106,1.0
-0.752235609874333,0.06495241127413465,1.0
-0.7453744888334768,0.021711250388761982,1.0
-0.7198622521391371,0.05216811361606233,1.0
-0.5200087865778187,0.4175707723843516,-1.0
-0.6781712556330604,0.12913091442896985,1.0
-0.7457388878174243,0.09626024372118991,1.0
-0.8209359575212147,0.029659443727723556,1.0
-0.7322985971986782,0.046813856752123684,1.0
-0.6295059048316034,0.31912703310808865,-1.0
-0.6665324269342818,0.06893889505590778,1.0
-0.7385138307290617,0.04992844836669974,1.0
-0.5552560517116945,0.10219094773856341,1.0
-0.5487416685018616,0.4223363059845724,-1.0
-0.7193412465785514,0.07993688819988165,1.0
-0.7657390698441304,0.09835668145387899,1.0
-0.6421343261681614,0.23626033707114402,1.0
-0.6368991164090403,0.05344661435083253,1.0
-0.511071096329033,0.41499043778094347,-1.0
-0.6140776950378495,0.3942781053992803,-1.0
-0.6944651419835282,0.13251084541843738,1.0
-0.8026728774129879,0.02024695504223928,1.0
-0.49344973830739036,0.10136787302326411,1.0
-0.6267189966565638,0.11878408582560951,1.0
-0.6859745564634068,0.26531318865090725,-1.0
-0.4026424755084008,0.5465363243492902,-1.0
-0.4706370461608458,0.4773659176498768,-1.0
-0.5980979468295118,0.11442853035987355,1.0
-0.5566480835332186,0.3590473913063761,-1.0
-0.5567289449754753,0.36004918460093904,-1.0
-0.725463013524859,0.07157289979659254,1.0
-0.7781202212245262,0.10501507670414867,1.0
-0.6580404745836859,0.14573834148177411,1.0
-0.4196365414882166,0.29981099751239526,-1.0
-0.43566143429779913,0.3443487766198814,-1.0
-0.7461762335551612,0.07038720421405742,1.0
-0.6567490641245968,0.13785182750143576,1.0
-0.749186752262176,0.1415011324279476,1.0
-0.7649466799812217,0.02561418283585226,1.0
-0.42461777446442284,0.45326395076699555,-1.0
-0.6508726175919151,0.028088370812270114,1.0
-0.22103499042714247,0.4839977607916808,-1.0
-0.7870776238414692,0.0734663268958684,1.0
-0.6426945234379673,0.2453108990812325,-1.0
-0.716714040889201,0.06675092540535843,1.0
-0.7412632605264662,0.1472952886542771,1.0
-0.6489890860393643,0.026313909176678862,1.0
-0.678235075332168,0.08996828120370992,1.0
-0.789561212863191,0.08837832216522656,1.0
-0.5767585417330565,0.383727342271186,-1.0
-0.8596571251364367,0.06725056423601927,1.0
-0.7512105626187804,0.05082797332670452,1.0
-0.6882677751891606,0.039956787215487566,1.0
-0.7792597045263392,0.056729637188254856,1.0
-0.4752416727869786,0.3962105983209767,-1.0
-0.47259581179787347,0.12067597395434859,1.0
-0.5482883750837573,0.3434271210589941,-1.0
-0.62936207463963,0.07316803341473133,1.0
-0.7425075466480848,0.11811164594291768,1.0
-0.7373218284883478,0.040033633827988524,1.0
-0.6227129400631384,0.2734271062690823,-1.0
-0.8018846832637792,0.027584569630562328,1.0
-0.28730460982274053,0.4959624432126475,-1.0
-0.3190293131683575,0.5463560673561005,-1.0
-0.3865943129949301,0.5007712262486166,-1.0
-0.5737474724883214,0.05403708925587125,1.0
-0.4875086389729404,0.2897818579367595,-1.0
-0.6537549005588517,0.16709941369481385,1.0
-0.7830111357034184,0.1728319522808306,1.0
-0.7273610589127202,0.07299074464754085,1.0
-0.595076158439042,0.0694156076060608,1.0
-0.7508182886667782,0.09146997539210133,1.0
-0.7492350398097187,0.03277316514868289,1.0
-0.6624085365401697,0.3029515571979573,-1.0
-0.6003656969114672,0.11082121095387265,1.0
-0.5261335060058627,0.05071322119329125,1.0
-0.5678566934075207,0.07687692227773368,1.0
-0.6391900974540476,0.06988552142502158,1.0
-0.5472065159192425,0.4035797347751213,-1.0
-0.34400907778217515,0.6472744726197561,-1.0
-0.40158535316186317,0.7052859474024444,-1.0
-0.7203060837764497,0.26801557655926445,1.0
-0.3633149496140504,0.4617177126101524,-1.0
-0.48818372658570297,0.15706151077756658,1.0
-0.7659765584830893,0.03571648130309768,1.0
-0.563888756063534,0.3078898119274527,-1.0
-0.7884949365507055,0.1119179014567635,1.0
-0.8066692466418317,0.027005315125279594,1.0
-0.7532453371823067,0.02042961641564034,1.0
-0.7735705862287432,0.03759073466062546,1.0
-0.272889394311278,0.4973512031901919,-1.0
-0.500130330437969,0.4274455133272568,-1.0
-0.5915601017995868,0.45219159097723605,-1.0
-0.5880637346363073,0.044720167283230694,1.0
-0.38334405816658546,0.56824263353883,-1.0
-0.8224013074996037,0.04082033487429726,1.0
-0.6426610730143238,0.05949444079715249,1.0
-0.730670495020604,0.02790333632583497,1.0
-0.6801005281749894,0.06756839216723165,1.0
-0.7479263898567297,0.06318310473579913,1.0
-0.5652361101056158,0.10738016566756414,1.0
-0.745044014256564,0.055147957551525906,1.0
-0.641583206753694,0.26222803144719364,-1.0
-0.7488432186137288,0.0878534683597536,1.0
-0.804570341235376,0.17828967164678033,-1.0
-0.24715413165904465,0.5355888486155891,-1.0
-0.2860897779064544,0.5083953805515193,-1.0
-0.5777175989505849,0.40478355169580027,-1.0
-0.7706787877468741,0.08929586892190855,1.0
-0.7047193970502121,0.019694514194270596,1.0
-0.1481132210828946,0.4060569006978767,-1.0
-0.5236283109043143,0.1274560028250562,1.0
-0.3087639721088635,0.39890382240264444,-1.0
-0.6952815448439651,0.1613187715447566,1.0
-0.7894171612570062,0.06545460043707862,1.0
-0.731164622237884,0.0633107627490972,1.0
-0.35994066988314444,0.5132181779954408,-1.0
-0.8334216723342251,0.110910070965474,1.0
-0.3015150003711824,0.5609741003845556,-1.0
-0.41606565816391594,0.4980368023088886,-1.0
-0.5440673507619067,0.41764639066241216,-1.0
-0.7257453260390321,0.2021168878127355,1.0
-0.7395489144182648,0.06673497347219381,1.0
-0.6206303731878506,0.07098514680001244,1.0
-0.5040949487556645,0.203926693116955,1.0
-0.7754402845457662,0.05712168355239555,1.0
-0.6672011462833325,0.042084480613993946,1.0
-0.8276029606477096,0.04042838574605412,1.0
-0.7509774225618457,0.13987350574461743,1.0
-0.6829957503905462,0.09032211048906902,1.0
-0.5316095057060011,0.09166345640551299,1.0
-0.7254317997321778,0.1250691937384545,1.0
-0.5960496102488833,0.07806928179343231,1.0
-0.5890066171432409,0.12318697409136803,1.0
-0.6509277379744844,0.15181738672640677,1.0
-0.6463812663077988,0.07933201465129969,1.0
-0.5477663429410313,0.08993902009387966,1.0
-0.7385815444959007,0.1510754222945252,1.0
-0.5406934191341861,0.33657870181195904,-1.0
-0.5403805403657316,0.45816579579695826,-1.0
-0.7071503929182654,0.05755367594247218,1.0
-0.575133509758416,0.08045274978394445,1.0
-0.7109441067186708,0.2712070872003096,-1.0
-0.5288088640490969,0.24542275586463802,-1.0
-0.7509961572941393,0.08120921137742698,1.0
-0.8674914753282792,0.06717154798388947,1.0
-0.6403499429070507,0.2992856843484333,1.0
-0.5241950557315249,0.3474296620252062,-1.0
-0.8202195480807859,0.023684052219323348,1.0
-0.6419830051454483,0.07295471208635718,1.0
-0.7432671278074849,0.055625304754357785,1.0
-0.4585065395294805,0.3805604338849662,-1.0
-0.606060603793594,0.12619068860658444,1.0
-0.7842256955118501,0.019509122808813117,1.0
-0.37798261264833855,0.44805492607702035,-1.0
-0.6483782546638395,0.06854686774022412,1.0
-0.5478704406268662,0.1026883557497058,1.0
-0.6952775778117939,0.19755097448069137,1.0
-0.2559156103936857,0.49294420250726034,-1.0
-0.7001286984232138,0.025655482910224237,1.0
-0.5531750430298814,0.11704965021425551,1.0
-0.6226678421687097,0.04706486524571574,1.0
-0.22530303484018077,0.46667767078542965,-1.0
-0.21037853740290302,0.32953853827166313,-1.0
-0.7353137096433784,0.05630480429681484,1.0
-0.7640165324992267,0.041674903623061255,1.0
-0.8059608782132273,0.048254196663037874,1.0
-0.7421552539811529,0.03949750237975991,1.0
-0.7161725837177073,0.10112112510978477,1.0
-0.7727837608272239,0.1311649263916479,1.0
-0.5804943066675605,0.3295685499820138,-1.0
-0.09374054463302173,0.574865310420023,-1.0
-0.7587444407654402,0.057960099053161684,1.0
-0.6994283789972542,0.10278479548287578,1.0
-0.7997986039335956,0.03671160819067154,1.0
-0.7934433367186102,0.1741265081518577,1.0
-0.6824491363149718,0.17208064369333442,1.0
-0.8056314382847631,0.23535079738940112,1.0
-0.707155972295368,0.08535499769277521,1.0
-0.5637553612614283,0.3496403220051434,-1.0
-0.715575001149773,0.06312943443117547,1.0
-0.8005886656901566,0.1056238277524244,1.0
-0.8156451111208298,0.0417679412785219,1.0
-0.5827224547492733,0.33503019668023626,-1.0
-0.6821912901696123,0.047347522971904255,1.0
-0.6967756795638707,0.028978554357308894,1.0
-0.3536580725594831,0.5111428509480902,-1.0
-0.3147819940968475,0.3801766911710729,-1.0
-0.4740214881094289,0.46503660453890916,-1.0
-0.77786230421043,0.029364002228248864,1.0
-0.33741236647802,0.5531140653511102,-1.0
-0.5269401083369303,0.4708681197698752,-1.0
-0.6803919673920973,0.09356936529911764,1.0
-0.7109791854272771,0.02455713476956589,1.0
-0.6058990394176362,0.06293356908645364,1.0
-0.7235930314327561,0.08908037824221537,1.0
-0.6652010528123355,0.07147170063399244,1.0
-0.469983865517861,0.36154365167749347,-1.0
-0.8227865567205299,0.08078264927462442,1.0
-0.6250151524873218,0.23803264551679604,1.0
-0.7250560256115932,0.07589904599626607,1.0
-0.4033761846840207,0.4149726837713388,-1.0
-0.8218720211716573,0.04106502429567627,1.0
-0.7850243132270407,0.229493738792371,1.0
-0.38760173491016303,0.43103632997394925,-1.0
-0.6065620469355508,0.25964853981940905,-1.0
-0.7215613536100136,0.27717009439948015,-1.0
-0.4446396336534235,0.4164789063142962,-1.0
-0.490806291909621,0.35397278595382886,1.0
-0.633443857311704,0.05389709932478581,1.0
-0.7135042565096228,0.053189593825663906,1.0
-0.7819943487702403,0.029048588301520795,1.0
-0.4830224217485011,0.4367224605211959,-1.0
-0.7053752568444907,0.12284083778286004,1.0
-0.6253727331140908,0.15250565494170587,1.0
-0.3033015064670508,0.5792521128414592,-1.0
-0.5106361794396435,0.47254924708067847,-1.0
-0.7844837490993086,0.019980107026640326,1.0
-0.3540566866698214,0.44128490354580663,-1.0
-0.8018151877913624,0.015117997769266367,1.0
-0.7046857243258273,0.027918469539145008,1.0
-0.7843566388655745,0.023446673607395496,1.0
-0.8068764204872423,0.034611976429005153,1.0
-0.4238553166919701,0.4570274354673529,-1.0
-0.7023448425970855,0.14077830711903516,1.0
-0.28034076419862686,0.4505167801544303,-1.0
-0.7325213708791125,0.06493951098673278,1.0
-0.5618967851896741,0.33285705309026525,-1.0
-0.12168138491688296,0.5178395310795167,-1.0
-0.6469511220784625,0.16804808864253573,1.0
-0.7210711966290546,0.06186757988325553,1.0
-0.765925798106764,0.02611317536502611,1.0
-0.7779278581292601,0.04380430138553493,1.0
-0.5276065561174619,0.03947746348785586,1.0
-0.7456209942863552,0.07289113271008318,1.0
-0.7620732213617885,0.08146259355999064,1.0
-0.6692033289600658,0.13009973943189834,1.0
-0.6740344383579213,0.0640228305128403,1.0
-0.5972592122088827,0.032823625624587294,1.0
-0.5756665235421679,0.4105241858851514,-1.0
-0.626717903156532,0.34703092074778397,-1.0
-0.6650334886508062,0.08646774012595415,1.0
-0.6141199249832425,0.06961700512329116,1.0
-0.4461821585937287,0.5522477383055957,-1.0
-0.6733794531803596,0.05074046437721336,1.0
-0.3892589099195902,0.27941212010046,-1.0
-0.4915334980537409,0.42152875661577127,-1.0
-0.5272386714545974,0.2968494626647953,-1.0
-0.41476970439907745,0.5024725452167331,-1.0
-0.6550217489275383,0.2824966839689296,1.0
-0.765904682034261,0.07713056096827131,1.0
-0.49016313184023375,0.4036115388142889,-1.0
-0.7218712969624903,0.05895941314520314,1.0
-0.8107149327697698,0.025019819440785795,1.0
-0.7206723350109314,0.023555583667985047,1.0
-0.31801131928114046,0.48755718235406675,-1.0
-0.6005424738496004,0.077040250549544,1.0
-0.5213978204492378,0.09762556280293211,1.0
-0.18792844260156016,0.36106575409621655,-1.0
-0.5389774827831388,0.35796091578504274,-1.0
-0.6761493886583594,0.03933489460268902,1.0
-0.6814085703881574,0.10532625122868922,1.0
-0.7595432396046817,0.07955325033981353,1.0
-0.6527331155739375,0.08486253190494608,1.0
-0.7838726005138597,0.08626353499130346,1.0
-0.8153227956863702,0.07501253004011232,1.0
-0.3952899623418489,0.4855238074051158,-1.0
-0.3115714435407426,0.5032960363168968,-1.0
-0.6479535231774207,0.18390170548809692,-1.0
-0.3799832463482744,0.5581105922028655,-1.0
-0.37546505348473147,0.5036408335981832,-1.0
-0.7359974847058766,0.05975272913929075,1.0
-0.490039609087944,0.41682094636598777,-1.0
-0.3612972256805733,0.6041385803855519,-1.0
-0.790149760839995,0.015692289103753865,1.0
-0.7706999685324263,0.05439810157986358,1.0
-0.6011865878826939,0.17076877423096448,1.0
-0.4713961537909199,0.41051044509003987,-1.0
-0.8198778860314633,0.03191048691223841,1.0
-0.5384915406903019,0.2103818648320157,1.0
-0.30411754510532774,0.3350760110952251,-1.0
-0.7966050695540616,0.19217816457967274,1.0
-0.8679487038389198,0.1574084905005293,1.0
-0.7036921809385603,0.3302941738129448,1.0
-0.6933219827988069,0.17369423423951957,1.0
-0.24053959049706464,0.6552082046473515,-1.0
-0.6865378216498357,0.13864764142635977,1.0
-0.6466801245364877,0.056527749568886065,1.0
-0.45210481146324355,0.48020585677056715,-1.0
-0.2772663332125376,0.5111655539694766,-1.0
-0.22538217672263272,0.506610520358663,-1.0
-0.7005630613275571,0.2615915067435708,-1.0
-0.7523471066378988,0.040738400421105325,1.0
-0.44628156219368975,0.38769748838603846,-1.0
-0.21502800033522362,0.384471848312387,-1.0
-0.7772701627254719,0.09786793639068492,1.0
-0.14781130853680224,0.5475966505528049,-1.0
-0.7735555055332952,0.02284952656191308,1.0
-0.3819867302327111,0.38614892887744645,-1.0
-0.1759791790827876,0.613786958027049,-1.0
-0.6037182822983596,0.41661398219002876,-1.0
-0.5081926524726441,0.06112254169420339,1.0
-0.47890473248298804,0.3678487377546844,-1.0
-0.816626070663915,0.0401730977173429,1.0
-0.3927279874224041,0.48826751240267185,-1.0
-0.7720625387737527,0.024947729310952127,1.0
-0.15181533463783126,0.43590189243150235,-1.0
-0.6692252608336275,0.09752999202464707,1.0
-0.4683386400533891,0.5018290470989086,-1.0
-0.4833105727866496,0.4070646914806275,-1.0
-0.7790392214665189,0.040355786331929266,1.0
-0.7251177441394248,0.1745055185383535,1.0
-0.455065105943504,0.1546545621167752,1.0
-0.2908755798925995,0.42560692520055454,-1.0
-0.8148234256586875,0.058188242590404116,1.0
-0.7257809411568132,0.08746137920365982,1.0
-0.4977631260808266,0.18877655998949194,1.0
-0.4731264292231572,0.31624999543964805,-1.0
-0.7283826673956355,0.06310371161089279,1.0
-0.48159339804260526,0.34554114872662467,-1.0
-0.46005437809162686,0.4243405283486936,-1.0
-0.6011983033640718,0.12303238503955072,1.0
-0.6533516849194712,0.2656857758338447,1.0
-0.8211445365304826,0.1508109848073218,1.0
-0.7017092850446716,0.0441963301582291,1.0
-0.6580296609063225,0.09840687248652102,1.0
-0.6295207641906018,0.29887230404347065,-1.0
-0.7978401807704358,0.012950193442520685,1.0
-0.8004721563374915,0.02944912276143441,1.0
-0.32423592347913655,0.305870657946798,-1.0
-0.6631190968546434,0.07532472563616466,1.0
-0.5138139041009708,0.4101180311117787,-1.0
-0.4259407992649358,0.4264031787752174,-1.0
-0.6181780174574669,0.14627432477936964,1.0
-0.29084322138805874,0.4933293368667364,-1.0
-0.399662970280076,0.3468204884528632,-1.0
-0.7425102445849916,0.053210663521895185,1.0
-0.7285561209573643,0.06520497627207078,1.0
-0.7575999058208254,0.03991957290418213,1.0
-0.8054512342323505,0.04352633626876923,1.0
-0.6607423526857019,0.2691750994963513,1.0
-0.4429345038734027,0.5941607335262233,-1.0
-0.6573961429331519,0.08492131932524671,1.0
-0.37068766550055443,0.5154387623097136,-1.0
-0.2562762187444605,0.6415270200086525,-1.0
-0.6614276057734969,0.0800326762982877,1.0
-0.5717543818209379,0.41099569485959364,-1.0
-0.5622102029228699,0.4063610752200475,-1.0
-0.4915101543338096,0.461809303778864,-1.0
-0.6101343397713208,0.040511929044441786,1.0
-0.519263813105681,0.4033262777793425,-1.0
-0.6725484764281191,0.07426293686921781,1.0
-0.7416959129841416,0.04309561623085756,1.0
-0.8269084144434373,0.04547547141987707,1.0
-0.7613699482899392,0.029035452840616927,1.0
-0.4685992266267931,0.36292282034082746,-1.0
-0.7866699627047637,0.04489053538418375,1.0
-0.816547944170452,0.04719991322053829,1.0
-0.5850950123015082,0.44688072194685446,-1.0
-0.8382474600148271,0.07717758584476542,1.0
-0.5766752691708632,0.3977300063092457,-1.0
-0.5662528047942033,0.413955218384217,-1.0
-0.12796206416533096,0.6187287538632518,-1.0
-0.7313073153927689,0.1049247961200308,1.0
-0.6579083400029049,0.11785643225448439,1.0
-0.7828509567516448,0.025053291967196856,1.0
-0.6833729846548522,0.04277599170745816,1.0
-0.7828538578178268,0.05497793451650068,1.0
-0.6670915586582851,0.20224639910156839,1.0
-0.48242271914568846,0.39913466375583084,1.0
-0.7169299179358859,0.04139483631479379,1.0
-0.4638844676373992,0.38218967015563976,-1.0
-0.7874448914662935,0.009799288702197373,1.0
-0.23434624646688462,0.5053111376982997,-1.0
-0.4535026444561936,0.3830827359174691,-1.0
-0.6070102961616612,0.06176292799045768,1.0
-0.7634512400918538,0.06740629304658796,1.0
-0.8152630149143079,0.042160211804002756,1.0
-0.7593752267130185,0.04795393842505291,1.0
-0.2857774874282768,0.6136201701592654,-1.0
-0.6398399935569614,0.08941122953547165,1.0
-0.6338564371326356,0.0620895469764946,1.0
-0.8170114266613382,0.023811080245650373,1.0
-0.26024724170474656,0.5395522174094367,-1.0
-0.6972370554592047,0.04676118911866922,1.0
-0.7894970681400082,0.09067565281839052,1.0
-0.38228605484800937,0.39635294095569407,-1.0
-0.6561557077657199,0.18325462329084985,1.0
-0.7980996882797626,0.09690887195029063,1.0
-0.710447447810111,0.07958429242899001,1.0
-0.8184430069168229,0.028883014872917556,1.0
-0.5807612023636466,0.11991946268244646,1.0
-0.6111527594239305,0.30743393872398883,-1.0
-0.5923071217665665,0.38121581581640385,-1.0
-0.7160573274450144,0.12485918067977764,1.0
-0.3177786311789532,0.5049800038686953,-1.0
-0.7519003820343642,0.0688948106544558,1.0
-0.22355067702164888,0.5933682759959993,-1.0
-0.7338054641659255,0.05914440624474082,1.0
-0.2745224404025066,0.5035909921425628,-1.0
-0.6566683403816569,0.04310863288628752,1.0
-0.24267337329547445,0.4767488314428192,-1.0
-0.7639388113093446,0.19126659409084823,1.0
-0.7854422476375476,0.04542142688296735,1.0
-0.7077393655058586,0.03226833003736829,1.0
-0.31037773770367494,0.7113725594390417,-1.0
-0.8198593947017798,0.052824979909928516,1.0
-0.10912686756637413,0.5426734431821387,-1.0
-0.48916794895922067,0.16559946675261017,1.0
-0.6471817010897212,0.3542159650241956,-1.0
-0.7460336509611807,0.021361490871640854,1.0
-0.6038744378342926,0.4058777213876965,-1.0
-0.5186344534995442,0.12740152444894193,1.0
-0.5025913583249348,0.41947656045886106,-1.0
-0.795194688886113,0.06749156057776418,1.0
-0.8208169297759014,0.02509722125978442,1.0
-0.6691981145413592,0.085591631825082,1.0
-0.26161167021564324,0.444652812780987,-1.0
-0.32876169291216684,0.4711814306569977,-1.0
-0.21900059708059416,0.6518645247924724,-1.0
-0.7423059834472951,0.10319669985619839,1.0
-0.7433620780902856,0.06603829438245157,1.0
-0.12176135240588337,0.7102438271394931,-1.0
-0.6014758367455215,0.1965229289344279,1.0
-0.5653634863447223,0.38922460655885516,-1.0
-0.5772700217730744,0.3735976603238669,-1.0
-0.7957606957352255,0.03282463242067024,1.0
-0.573849206273735,0.2055046980822226,1.0
-0.5662886746431468,0.1198370054771658,1.0
-0.7724346446266281,0.0479265032481635,1.0
-0.828595926235721,0.07266416800848674,1.0
-0.7566069483727915,0.01075808858149685,1.0
-0.8174631015135674,0.13784003155888058,1.0
-0.7998349927584059,0.07961980257823598,1.0
-0.6000209697194805,0.3653458722619689,-1.0
-0.7216901724708009,0.09797113104411892,1.0
-0.7439670395681333,0.11063229317051082,1.0
-0.5565602277320068,0.3157716648620408,-1.0
-0.72919814633633,0.07586856142461329,1.0
-0.5040597097904538,0.08799289887247141,1.0
